<?xml version="1.0" encoding="UTF-8"?>
<templates id="template" xml:space="preserve">

    <t t-name="PickupOrderLIne">
        <tr class='pickup-line' t-att-data-id='quotation.id'>
            <td><t t-esc='quotation.name' /></td>
            <td><t t-esc='quotation.partner_id[1]'/></td>
            <td><t t-if="quotation.phone">
                <t t-esc='quotation.phone'/></t>
            </td>
            <td><t t-esc='quotation.date_order' /></td>
             <td><t t-if="quotation.pickup_date">
                <t t-esc='quotation.pickup_date'/></t>
            </td>
            <td><t t-esc='widget.format_currency(quotation.amount_total)' /></td>
            <td><button class="confirm_pos_order mode-button selected-mode" style="color: darkgreen;">
                <i class='fa fa-angle-double-right'/>
                Confirm POS order
            </button></td>
        </tr>
    </t>

    <t t-name="PickupOrdersWidget">
        <div class="clientlist-screen screen">
            <div class="full_width screen-content">
                <section class="top-content">
                    <span class='button highlight cancel' style="margin-left:16px;left: 0px;">
                        <i class='fa fa-angle-double-left'/>
                        Back
                    </span>
                    <h1 style="text-align: center;font-size: 21px;" >Pickup Orders</h1>
                </section>
                <section class="full-content">
                    <div class='window'>
                        <section class='subwindow collapsed'>
                            <div class='subwindow-container collapsed'>
                                <div class='subwindow-container-fix order-details-contents'>
                                </div>
                            </div>
                        </section>
                        <section class='subwindow'>
                            <div class='subwindow-container'>
                                <div class='subwindow-container-fix touch-scrollable scrollable-y'>

                                    <table class='client-list'>
                                       <thead>
                                            <tr>
                                                <th>Order Ref</th>
                                                <th>Customer</th>
                                                <th>Contact No</th>
                                                <th>Order Date</th>
                                                <th>Pickup Date</th>
                                                <th>Total Amount</th>
                                                <th> </th>
                                            </tr>
                                        </thead>
                                        <tbody class='pickup-list-contents'>
                                        </tbody>
                                    </table>
                                </div>
                            </div>
                        </section>
                    </div>
                </section>
            </div>
        </div>
    </t>
</templates>